{"bullet": {"bullet": 0.0, "blitz": 104.65632391519374, "rapid": 189.17604571428572, "classical": 263.475029726516}, "blitz": {"bullet": -104.65632391519374, "blitz": 0.0, "rapid": 98.39734128463164, "classical": 177.12705516989405}, "rapid": {"bullet": -189.17604571428572, "blitz": -98.39734128463164, "rapid": 0.0, "classical": 64.47824066904136}, "classical": {"bullet": -263.475029726516, "blitz": -177.12705516989405, "rapid": -64.47824066904136, "classical": 0.0}}